Plot,Quad,ID,Site,Sample.Year,Burn.Year,Treatment ,cyano,Lichen,Moss,Mixed,Total,treatment
pge01,a,pge012018,pge,2018,2017,rx,4,0,1,NA,5,burn
pge01,b,pge012018,pge,2018,2017,rx,10,0,2,NA,12,burn
pge01,c,pge012018,pge,2018,2017,rx,5,0,0,NA,5,burn
pge01,d,pge012018,pge,2018,2017,rx,9,0,1,NA,10,burn
pge01,a,pge012018,pge,2018,none,none,0,0,0,NA,0,control
pge01,b,pge012018,pge,2018,none,none,2,0,1,NA,3,control
pge01,c,pge012018,pge,2018,none,none,8,0,0,NA,8,control
pge01,d,pge012018,pge,2018,none,none,1,0,0,NA,1,control
pge01,a,pge012019,pge,2019,2017,rx,20,5,4,NA,29,burn
pge01,b,pge012019,pge,2019,2017,rx,1,1,3,NA,5,burn
pge01,c,pge012019,pge,2019,2017,rx,5,5,30,NA,40,burn
pge01,d,pge012019,pge,2019,2017,rx,0,4,0,NA,4,burn
pge01,a,pge012019,pge,2019,none,none,0,20,1,NA,21,control
pge01,b,pge012019,pge,2019,none,none,2,1,0,NA,3,control
pge01,c,pge012019,pge,2019,none,none,0,40,6,NA,46,control
pge01,d,pge012019,pge,2019,none,none,1,1,4,NA,6,control
pge01,a,pge012020,pge,2020,2017,none,0,0,0,0,0,control
pge01,b,pge012020,pge,2020,2017,none,0,0,0,0,0,control
pge01,c,pge012020,pge,2020,2017,none,0,4,0,2,6,control
pge01,d,pge012020,pge,2020,2017,none,0,1,0,8,9,control
pge01,a,pge012020,pge,2020,2017,rx,0,2,0,0,2,burn
pge01,c,pge012020,pge,2020,2017,rx,0,0,0,0,0,burn
pge01,b,pge012020,pge,2020,2017,rx,0,9,0,0,9,burn
pge01,d,pge012020,pge,2020,2017,rx,0,16,0,0,16,burn
pge02,a,pge022018,pge,2018,2017,rx,45,0,0,NA,45,burn
pge02,b,pge022018,pge,2018,2017,rx,16,0,1,NA,17,burn
pge02,c,pge022018,pge,2018,2017,rx,50,0,0,NA,50,burn
pge02,d,pge022018,pge,2018,2017,rx,31,1,1,NA,33,burn
pge02,a,pge022018,pge,2018,none,none,5,0,0,NA,5,control
pge02,b,pge022018,pge,2018,none,none,2,0,0,NA,2,control
pge02,c,pge022018,pge,2018,none,none,7,0,0,NA,7,control
pge02,d,pge022018,pge,2018,none,none,20,0,0,NA,20,control
pge02,a,pge022019,pge,2019,2017,rx,2,0,1,NA,3,burn
pge02,b,pge022019,pge,2019,2017,rx,1,0,2,NA,3,burn
pge02,c,pge022019,pge,2019,2017,rx,5,2,9,NA,16,burn
pge02,d,pge022019,pge,2019,2017,rx,4,0,0,NA,4,burn
pge02,a,pge022019,pge,2019,none,none,5,1,0,NA,6,control
pge02,b,pge022019,pge,2019,none,none,1,1,4,NA,6,control
pge02,c,pge022019,pge,2019,none,none,0,1,0,NA,1,control
pge02,d,pge022019,pge,2019,none,none,1,1,0,NA,2,control
pge02,a,pge022020,pge,2020,2017,none,0,0,0,0,0,control
pge02,b,pge022020,pge,2020,2017,none,0,0,0,0,0,control
pge02,c,pge022020,pge,2020,2017,none,0,0,0,0,0,control
pge02,d,pge022020,pge,2020,2017,none,0,0,0,0,0,control
pge02,a,pge022020,pge,2020,2017,rx,0,0,0,6,6,burn
pge02,c,pge022020,pge,2020,2017,rx,0,0,0,5,5,burn
pge02,b,pge022020,pge,2020,2017,rx,0,0,0,0,0,burn
pge02,d,pge022020,pge,2020,2017,rx,2,0,0,0,2,burn
pge03,a,pge032018,pge,2018,2017,rx,5,0,4,NA,9,burn
pge03,b,pge032018,pge,2018,2017,rx,60,0,0,NA,60,burn
pge03,c,pge032018,pge,2018,2017,rx,6,0,0,NA,6,burn
pge03,d,pge032018,pge,2018,2017,rx,30,0,0,NA,30,burn
pge03,a,pge032018,pge,2018,none,none,3,0,0,NA,3,control
pge03,b,pge032018,pge,2018,none,none,4,0,0,NA,4,control
pge03,c,pge032018,pge,2018,none,none,0,0,0,NA,0,control
pge03,d,pge032018,pge,2018,none,none,20,0,0,NA,20,control
pge03,a,pge032019,pge,2019,2017,rx,0,0,1,NA,1,burn
pge03,b,pge032019,pge,2019,2017,rx,1,0,1,NA,2,burn
pge03,c,pge032019,pge,2019,2017,rx,1,0,1,NA,2,burn
pge03,d,pge032019,pge,2019,2017,rx,1,1,1,NA,3,burn
pge03,a,pge032019,pge,2019,none,none,2,2,1,NA,5,control
pge03,b,pge032019,pge,2019,none,none,3,1,0,NA,4,control
pge03,c,pge032019,pge,2019,none,none,0,0,1,NA,1,control
pge03,d,pge032019,pge,2019,none,none,3,0,1,NA,4,control
pge03,a,pge032020,pge,2020,2017,none,0,0,0,0,0,control
pge03,b,pge032020,pge,2020,2017,none,2,0,0,0,2,control
pge03,c,pge032020,pge,2020,2017,none,0,0,0,0,0,control
pge03,d,pge032020,pge,2020,2017,none,6,1,0,0,7,control
pge03,a,pge032020,pge,2020,2017,rx,0,0,0,0,0,burn
pge03,c,pge032020,pge,2020,2017,rx,0,0,0,0,0,burn
pge03,b,pge032020,pge,2020,2017,rx,0,0,0,0,0,burn
pge03,d,pge032020,pge,2020,2017,rx,0,33,0,0,33,burn
pge04,a,pge042018,pge,2018,2017,rx,40,0,0,NA,40,burn
pge04,b,pge042018,pge,2018,2017,rx,10,0,0,NA,10,burn
pge04,c,pge042018,pge,2018,2017,rx,30,0,0,NA,30,burn
pge04,d,pge042018,pge,2018,2017,rx,10,0,0,NA,10,burn
pge04,a,pge042018,pge,2018,none,none,0,0,0,NA,0,control
pge04,b,pge042018,pge,2018,none,none,0,0,0,NA,0,control
pge04,c,pge042018,pge,2018,none,none,0,0,0,NA,0,control
pge04,d,pge042018,pge,2018,none,none,0,0,0,NA,0,control
pge04,a,pge042019,pge,2019,2017,rx,3,3,10,NA,16,burn
pge04,b,pge042019,pge,2019,2017,rx,0,0,3,NA,3,burn
pge04,c,pge042019,pge,2019,2017,rx,1,0,5,NA,6,burn
pge04,d,pge042019,pge,2019,2017,rx,1,1,6,NA,8,burn
pge04,a,pge042019,pge,2019,none,none,0,0,0,NA,0,control
pge04,b,pge042019,pge,2019,none,none,0,0,0,NA,0,control
pge04,c,pge042019,pge,2019,none,none,0,0,0,NA,0,control
pge04,d,pge042019,pge,2019,none,none,0,0,0,NA,0,control
pge04,a,pge042020,pge,2020,2017,none,0,0,0,0,0,control
pge04,b,pge042020,pge,2020,2017,none,0,0,1,0,1,control
pge04,c,pge042020,pge,2020,2017,none,0,0,0,0,0,control
pge04,d,pge042020,pge,2020,2017,none,0,0,1,0,1,control
pge04,a,pge042020,pge,2020,2017,rx,0,2,2,2,6,burn
pge04,c,pge042020,pge,2020,2017,rx,0,0,0,0,0,burn
pge04,b,pge042020,pge,2020,2017,rx,1,0,1,0,2,burn
pge04,d,pge042020,pge,2020,2017,rx,0,0,2,6,8,burn
pge05,a,pge052018,pge,2018,2017,rx,2,0,0,NA,2,burn
pge05,b,pge052018,pge,2018,2017,rx,20,1,0,NA,21,burn
pge05,c,pge052018,pge,2018,2017,rx,6,0,0,NA,6,burn
pge05,d,pge052018,pge,2018,2017,rx,29,0,1,NA,30,burn
pge05,a,pge052018,pge,2018,none,none,0,0,0,NA,0,control
pge05,b,pge052018,pge,2018,none,none,0,0,0,NA,0,control
pge05,c,pge052018,pge,2018,none,none,0,0,0,NA,0,control
pge05,d,pge052018,pge,2018,none,none,1,0,0,NA,1,control
pge05,a,pge052019,pge,2019,2017,rx,1,1,40,NA,42,burn
pge05,b,pge052019,pge,2019,2017,rx,1,0,5,NA,6,burn
pge05,c,pge052019,pge,2019,2017,rx,0,0,0,NA,0,burn
pge05,d,pge052019,pge,2019,2017,rx,1,1,1,NA,3,burn
pge05,a,pge052019,pge,2019,none,none,0,0,0,NA,0,control
pge05,b,pge052019,pge,2019,none,none,0,0,1,NA,1,control
pge05,c,pge052019,pge,2019,none,none,0,0,0,NA,0,control
pge05,d,pge052019,pge,2019,none,none,0,0,1,NA,1,control
pge05,a,pge052020,pge,2020,2017,none,0,0,0,0,0,control
pge05,b,pge052020,pge,2020,2017,none,0,0,0,0,0,control
pge05,c,pge052020,pge,2020,2017,none,0,0,1,1,2,control
pge05,d,pge052020,pge,2020,2017,none,0,0,1,0,1,control
pge05,a,pge052020,pge,2020,2017,rx,0,0,2,30,32,burn
pge05,c,pge052020,pge,2020,2017,rx,0,0,0,0,0,burn
pge05,b,pge052020,pge,2020,2017,rx,0,0,0,8,8,burn
pge05,d,pge052020,pge,2020,2017,rx,0,0,0,88,88,burn
pge06,a,pge062018,pge,2018,2017,rx,10,0,0,NA,10,burn
pge06,b,pge062018,pge,2018,2017,rx,5,0,1,NA,6,burn
pge06,c,pge062018,pge,2018,2017,rx,15,0,0,NA,15,burn
pge06,d,pge062018,pge,2018,2017,rx,5,0,0,NA,5,burn
pge06,a,pge062018,pge,2018,none,none,2,0,0,NA,2,control
pge06,b,pge062018,pge,2018,none,none,3,2,1,NA,6,control
pge06,c,pge062018,pge,2018,none,none,1,0,0,NA,1,control
pge06,d,pge062018,pge,2018,none,none,2,0,1,NA,3,control
pge06,a,pge062019,pge,2019,2017,rx,1,1,8,NA,10,burn
pge06,b,pge062019,pge,2019,2017,rx,1,0,1,NA,2,burn
pge06,c,pge062019,pge,2019,2017,rx,1,2,5,NA,8,burn
pge06,d,pge062019,pge,2019,2017,rx,0,10,3,NA,13,burn
pge06,a,pge062019,pge,2019,none,none,0,0,0,NA,0,control
pge06,b,pge062019,pge,2019,none,none,0,0,1,NA,1,control
pge06,c,pge062019,pge,2019,none,none,1,0,0,NA,1,control
pge06,d,pge062019,pge,2019,none,none,1,0,1,NA,2,control
pge06,a,pge062020,pge,2020,2017,none,0,0,0,10,10,control
pge06,b,pge062020,pge,2020,2017,none,1,14,1,0,16,control
pge06,c,pge062020,pge,2020,2017,none,0,0,0,0,0,control
pge06,d,pge062020,pge,2020,2017,none,1,5,1,0,7,control
pge06,a,pge062020,pge,2020,2017,rx,0,10,0,0,10,burn
pge06,c,pge062020,pge,2020,2017,rx,0,4,0,0,4,burn
pge06,b,pge062020,pge,2020,2017,rx,0,1,1,0,2,burn
pge06,d,pge062020,pge,2020,2017,rx,9,2,2,0,13,burn
pge07,a,pge072018,pge,2018,2017,rx,10,1,0,NA,11,burn
pge07,b,pge072018,pge,2018,2017,rx,20,1,0,NA,21,burn
pge07,c,pge072018,pge,2018,2017,rx,8,0,0,NA,8,burn
pge07,d,pge072018,pge,2018,2017,rx,25,0,0,NA,25,burn
pge07,a,pge072018,pge,2018,none,none,1,0,0,NA,1,control
pge07,b,pge072018,pge,2018,none,none,2,0,0,NA,2,control
pge07,c,pge072018,pge,2018,none,none,2,0,0,NA,2,control
pge07,d,pge072018,pge,2018,none,none,0,0,0,NA,0,control
pge07,a,pge072019,pge,2019,2017,rx,0,0,1,NA,1,burn
pge07,b,pge072019,pge,2019,2017,rx,2,0,5,NA,7,burn
pge07,c,pge072019,pge,2019,2017,rx,0,0,3,NA,3,burn
pge07,d,pge072019,pge,2019,2017,rx,1,0,4,NA,5,burn
pge07,a,pge072019,pge,2019,none,none,25,1,0,NA,26,control
pge07,b,pge072019,pge,2019,none,none,0,1,0,NA,1,control
pge07,c,pge072019,pge,2019,none,none,0,0,0,NA,0,control
pge07,d,pge072019,pge,2019,none,none,0,0,0,NA,0,control
pge07,a,pge072020,pge,2020,2017,none,0,0,2,0,2,control
pge07,b,pge072020,pge,2020,2017,none,0,0,0,12,12,control
pge07,c,pge072020,pge,2020,2017,none,0,0,0,0,0,control
pge07,d,pge072020,pge,2020,2017,none,0,0,0,0,0,control
pge07,a,pge072020,pge,2020,2017,rx,0,0,2,0,2,burn
pge07,c,pge072020,pge,2020,2017,rx,0,2,10,5,17,burn
pge07,b,pge072020,pge,2020,2017,rx,0,0,0,68,68,burn
pge07,d,pge072020,pge,2020,2017,rx,0,0,0,32,32,burn
pge08,a,pge082018,pge,2018,2017,rx,60,30,0,NA,90,burn
pge08,b,pge082018,pge,2018,2017,rx,55,5,0,NA,60,burn
pge08,c,pge082018,pge,2018,2017,rx,30,10,2,NA,42,burn
pge08,d,pge082018,pge,2018,2017,rx,35,6,0,NA,41,burn
pge08,a,pge082018,pge,2018,none,none,9,1,0,NA,10,control
pge08,b,pge082018,pge,2018,none,none,10,1,0,NA,11,control
pge08,c,pge082018,pge,2018,none,none,25,2,0,NA,27,control
pge08,d,pge082018,pge,2018,none,none,40,3,0,NA,43,control
pge08,a,pge082019,pge,2019,2017,rx,10,5,40,NA,55,burn
pge08,b,pge082019,pge,2019,2017,rx,1,0,0,NA,1,burn
pge08,c,pge082019,pge,2019,2017,rx,60,1,5,NA,66,burn
pge08,d,pge082019,pge,2019,2017,rx,55,2,1,NA,58,burn
pge08,a,pge082019,pge,2019,none,none,0,1,0,NA,1,control
pge08,b,pge082019,pge,2019,none,none,10,0,0,NA,10,control
pge08,c,pge082019,pge,2019,none,none,1,0,1,NA,2,control
pge08,d,pge082019,pge,2019,none,none,1,0,1,NA,2,control
pge08,a,pge082020,pge,2020,2017,none,0,0,0,10,10,control
pge08,b,pge082020,pge,2020,2017,none,0,0,0,37,37,control
pge08,c,pge082020,pge,2020,2017,none,0,0,2,2,4,control
pge08,d,pge082020,pge,2020,2017,none,0,0,0,48,48,control
pge08,b,pge082020,pge,2020,2017,rx,0,2,2,0,4,burn
pge08,d,pge082020,pge,2020,2017,rx,0,0,0,75,75,burn
pge08,a,pge082020,pge,2020,2017,rx,0,6,25,10,41,burn
pge08,c,pge082020,pge,2020,2017,rx,0,30,24,10,64,burn
pge09,a,pge092018,pge,2018,2017,rx,65,3,0,NA,68,burn
pge09,b,pge092018,pge,2018,2017,rx,9,0,1,NA,10,burn
pge09,c,pge092018,pge,2018,2017,rx,5,4,1,NA,10,burn
pge09,d,pge092018,pge,2018,2017,rx,12,0,3,NA,15,burn
pge09,a,pge092018,pge,2018,none,none,4,0,0,NA,4,control
pge09,b,pge092018,pge,2018,none,none,3,0,0,NA,3,control
pge09,c,pge092018,pge,2018,none,none,2,0,0,NA,2,control
pge09,d,pge092018,pge,2018,none,none,5,0,0,NA,5,control
pge09,a,pge092019,pge,2019,2017,rx,2,0,3,NA,5,burn
pge09,b,pge092019,pge,2019,2017,rx,10,0,1,NA,11,burn
pge09,c,pge092019,pge,2019,2017,rx,6,1,20,NA,27,burn
pge09,d,pge092019,pge,2019,2017,rx,4,2,8,NA,14,burn
pge09,a,pge092019,pge,2019,none,none,0,0,0,NA,0,control
pge09,b,pge092019,pge,2019,none,none,0,0,0,NA,0,control
pge09,c,pge092019,pge,2019,none,none,0,0,0,NA,0,control
pge09,d,pge092019,pge,2019,none,none,0,0,0,NA,0,control
pge09,c,pge092020,pge,2020,2017,rx,50,0,5,0,55,burn
pge09,a,pge092020,pge,2020,2017,none,1,0,4,0,5,control
pge09,b,pge092020,pge,2020,2017,none,10,1,10,0,21,control
pge09,c,pge092020,pge,2020,2017,none,5,2,5,0,12,control
pge09,d,pge092020,pge,2020,2017,none,15,4,5,0,24,control
pge09,b,pge092020,pge,2020,2017,rx,18,4,2,0,24,burn
pge09,d,pge092020,pge,2020,2017,rx,25,0,5,0,30,burn
pge09,a,pge092020,pge,2020,2017,rx,30,4,10,0,44,burn
pge10,a,pge102018,pge,2018,2017,rx,35,1,20,NA,56,burn
pge10,b,pge102018,pge,2018,2017,rx,25,1,20,NA,46,burn
pge10,c,pge102018,pge,2018,2017,rx,25,1,30,NA,56,burn
pge10,d,pge102018,pge,2018,2017,rx,40,4,5,NA,49,burn
pge10,a,pge102018,pge,2018,none,none,0,0,0,NA,0,control
pge10,b,pge102018,pge,2018,none,none,0,0,0,NA,0,control
pge10,c,pge102018,pge,2018,none,none,0,0,0,NA,0,control
pge10,d,pge102018,pge,2018,none,none,1,0,0,NA,1,control
pge10,a,pge102019,pge,2019,2017,rx,30,10,1,NA,41,burn
pge10,b,pge102019,pge,2019,2017,rx,5,0,15,NA,20,burn
pge10,c,pge102019,pge,2019,2017,rx,85,1,0,NA,86,burn
pge10,d,pge102019,pge,2019,2017,rx,40,1,10,NA,51,burn
pge10,a,pge102019,pge,2019,none,none,1,1,1,NA,3,control
pge10,b,pge102019,pge,2019,none,none,1,0,0,NA,1,control
pge10,c,pge102019,pge,2019,none,none,0,0,0,NA,0,control
pge10,d,pge102019,pge,2019,none,none,1,0,0,NA,1,control
pge10,a,pge102020,pge,2020,2017,none,0,3,0,0,3,control
pge10,b,pge102020,pge,2020,2017,none,0,12,0,0,12,control
pge10,c,pge102020,pge,2020,2017,none,0,13,0,0,13,control
pge10,d,pge102020,pge,2020,2017,none,0,17,0,0,17,control
pge10,c,pge102020,pge,2020,2017,rx,44,8,44,0,96,burn
pge10,b,pge102020,pge,2020,2017,rx,0,5,29,0,34,burn
pge10,a,pge102020,pge,2020,2017,rx,10,1,2,0,13,burn
pge10,d,pge102020,pge,2020,2017,rx,6,1,1,0,8,burn
pgw01,a,pgw012018,pgw,2018,2017,rx,4,0,0,NA,4,burn
pgw01,b,pgw012018,pgw,2018,2017,rx,2,0,0,NA,2,burn
pgw01,c,pgw012018,pgw,2018,2017,rx,2,0,0,NA,2,burn
pgw01,d,pgw012018,pgw,2018,2017,rx,16,3,0,NA,19,burn
pgw01,a,pgw012018,pgw,2018,none,none,0,1,1,NA,32,control
pgw01,b,pgw012018,pgw,2018,none,none,1,0,0,NA,0,control
pgw01,c,pgw012018,pgw,2018,none,none,13,0,0,NA,1,control
pgw01,d,pgw012018,pgw,2018,none,none,20,1,0,NA,14,control
pgw01,a,pgw012019,pgw,2019,2017,rx,15,3,16,NA,34,burn
pgw01,b,pgw012019,pgw,2019,2017,rx,4,1,2,NA,7,burn
pgw01,c,pgw012019,pgw,2019,2017,rx,15,1,1,NA,17,burn
pgw01,d,pgw012019,pgw,2019,2017,rx,2,1,5,NA,8,burn
pgw01,a,pgw012019,pgw,2019,none,none,0,0,0,NA,0,control
pgw01,b,pgw012019,pgw,2019,none,none,1,0,1,NA,2,control
pgw01,c,pgw012019,pgw,2019,none,none,1,2,0,NA,3,control
pgw01,d,pgw012019,pgw,2019,none,none,1,1,0,NA,2,control
pgw01,a,pgw012020,pgw,2020,2017,rx,20,1,1,0,22,burn
pgw01,b,pgw012020,pgw,2020,2017,rx,0,0,0,0,0,burn
pgw01,c,pgw012020,pgw,2020,2017,rx,0,0,0,0,0,burn
pgw01,d,pgw012020,pgw,2020,2017,rx,0,0,0,40,40,burn
pgw01,a,pgw012020,pgw,2020,2017,none,0,0,0,0,0,control
pgw01,b,pgw012020,pgw,2020,2017,none,0,0,0,0,0,control
pgw01,c,pgw012020,pgw,2020,2017,none,0,0,0,15,15,control
pgw01,d,pgw012020,pgw,2020,2017,none,0,0,0,44,44,control
pgw02,a,pgw022018,pgw,2018,2017,rx,12,0,0,NA,12,burn
pgw02,b,pgw022018,pgw,2018,2017,rx,40,0,0,NA,40,burn
pgw02,c,pgw022018,pgw,2018,2017,rx,4,0,0,NA,4,burn
pgw02,d,pgw022018,pgw,2018,2017,rx,12,0,0,NA,12,burn
pgw02,a,pgw022018,pgw,2018,none,none,2,2,0,NA,22,control
pgw02,b,pgw022018,pgw,2018,none,none,0,1,2,NA,5,control
pgw02,c,pgw022018,pgw,2018,none,none,1,0,0,NA,0,control
pgw02,d,pgw022018,pgw,2018,none,none,1,0,0,NA,1,control
pgw02,a,pgw022019,pgw,2019,2017,rx,49,1,3,NA,53,burn
pgw02,b,pgw022019,pgw,2019,2017,rx,8,0,10,NA,18,burn
pgw02,c,pgw022019,pgw,2019,2017,rx,3,0,4,NA,7,burn
pgw02,d,pgw022019,pgw,2019,2017,rx,1,1,0,NA,2,burn
pgw02,a,pgw022019,pgw,2019,none,none,1,0,0,NA,1,control
pgw02,b,pgw022019,pgw,2019,none,none,0,0,0,NA,0,control
pgw02,c,pgw022019,pgw,2019,none,none,0,0,5,NA,5,control
pgw02,d,pgw022019,pgw,2019,none,none,1,0,1,NA,2,control
pgw02,a,pgw022020,pgw,2020,2017,rx,0,20,0,0,20,burn
pgw02,b,pgw022020,pgw,2020,2017,rx,0,38,0,0,38,burn
pgw02,c,pgw022020,pgw,2020,2017,rx,0,0,0,0,0,burn
pgw02,d,pgw022020,pgw,2020,2017,rx,0,7,0,1,8,burn
pgw02,a,pgw022020,pgw,2020,2017,none,0,0,0,0,0,control
pgw02,b,pgw022020,pgw,2020,2017,none,0,0,0,0,0,control
pgw02,c,pgw022020,pgw,2020,2017,none,0,0,0,0,0,control
pgw02,d,pgw022020,pgw,2020,2017,none,0,0,0,0,0,control
pgw03,a,pgw032018,pgw,2018,2017,rx,3,0,0,NA,3,burn
pgw03,b,pgw032018,pgw,2018,2017,rx,2,0,0,NA,2,burn
pgw03,c,pgw032018,pgw,2018,2017,rx,5,0,0,NA,5,burn
pgw03,d,pgw032018,pgw,2018,2017,rx,2,0,0,NA,2,burn
pgw03,a,pgw032018,pgw,2018,none,none,5,0,0,NA,1,control
pgw03,b,pgw032018,pgw,2018,none,none,0,1,0,NA,6,control
pgw03,c,pgw032018,pgw,2018,none,none,5,0,0,NA,0,control
pgw03,d,pgw032018,pgw,2018,none,none,8,2,1,NA,8,control
pgw03,a,pgw032019,pgw,2019,2017,rx,0,0,1,NA,1,burn
pgw03,b,pgw032019,pgw,2019,2017,rx,0,0,1,NA,1,burn
pgw03,c,pgw032019,pgw,2019,2017,rx,0,0,0,NA,0,burn
pgw03,d,pgw032019,pgw,2019,2017,rx,NA,NA,NA,NA,0,burn
pgw03,a,pgw032019,pgw,2019,none,none,0,0,0,NA,0,control
pgw03,b,pgw032019,pgw,2019,none,none,0,0,0,NA,0,control
pgw03,c,pgw032019,pgw,2019,none,none,0,0,0,NA,0,control
pgw03,d,pgw032019,pgw,2019,none,none,0,0,0,NA,0,control
pgw03,a,pgw032020,pgw,2020,2017,rx,0,0,0,0,0,burn
pgw03,b,pgw032020,pgw,2020,2017,rx,0,0,0,0,0,burn
pgw03,c,pgw032020,pgw,2020,2017,rx,0,0,0,0,0,burn
pgw03,d,pgw032020,pgw,2020,2017,rx,0,0,0,0,0,burn
pgw03,a,pgw032020,pgw,2020,2017,none,0,0,0,1,1,control
pgw03,b,pgw032020,pgw,2020,2017,none,0,0,0,1,1,control
pgw03,c,pgw032020,pgw,2020,2017,none,0,6,6,6,18,control
pgw03,d,pgw032020,pgw,2020,2017,none,0,0,0,27,27,control
pgw04,a,pgw042018,pgw,2018,2017,rx,5,0,0,NA,5,burn
pgw04,b,pgw042018,pgw,2018,2017,rx,8,0,0,NA,8,burn
pgw04,c,pgw042018,pgw,2018,2017,rx,6,0,0,NA,6,burn
pgw04,d,pgw042018,pgw,2018,2017,rx,2,0,0,NA,2,burn
pgw04,a,pgw042018,pgw,2018,none,none,4,1,0,NA,9,control
pgw04,b,pgw042018,pgw,2018,none,none,7,1,1,NA,6,control
pgw04,c,pgw042018,pgw,2018,none,none,0,2,1,NA,10,control
pgw04,d,pgw042018,pgw,2018,none,none,8,0,0,NA,0,control
pgw04,a,pgw042019,pgw,2019,2017,rx,1,1,1,NA,3,burn
pgw04,b,pgw042019,pgw,2019,2017,rx,37,3,1,NA,41,burn
pgw04,c,pgw042019,pgw,2019,2017,rx,1,0,29,NA,30,burn
pgw04,d,pgw042019,pgw,2019,2017,rx,0,0,10,NA,10,burn
pgw04,a,pgw042019,pgw,2019,none,none,5,0,0,NA,5,control
pgw04,b,pgw042019,pgw,2019,none,none,6,10,2,NA,18,control
pgw04,c,pgw042019,pgw,2019,none,none,0,0,0,NA,0,control
pgw04,d,pgw042019,pgw,2019,none,none,2,2,0,NA,4,control
pgw04,a,pgw042020,pgw,2020,2017,rx,0,1,0,6,7,burn
pgw04,b,pgw042020,pgw,2020,2017,rx,0,19,0,0,19,burn
pgw04,c,pgw042020,pgw,2020,2017,rx,0,0,0,10,10,burn
pgw04,d,pgw042020,pgw,2020,2017,rx,0,0,8,0,8,burn
pgw04,a,pgw042020,pgw,2020,2017,none,0,0,0,2,2,control
pgw04,b,pgw042020,pgw,2020,2017,none,0,0,0,3,3,control
pgw04,c,pgw042020,pgw,2020,2017,none,0,0,0,1,1,control
pgw04,d,pgw042020,pgw,2020,2017,none,0,0,0,19,19,control
pgw05,a,pgw052018,pgw,2018,2017,rx,8,0,0,NA,8,burn
pgw05,b,pgw052018,pgw,2018,2017,rx,4,0,0,NA,4,burn
pgw05,c,pgw052018,pgw,2018,2017,rx,5,1,0,NA,6,burn
pgw05,d,pgw052018,pgw,2018,2017,rx,4,0,0,NA,4,burn
pgw05,a,pgw052018,pgw,2018,none,none,6,2,0,NA,10,control
pgw05,b,pgw052018,pgw,2018,none,none,9,0,0,NA,6,control
pgw05,c,pgw052018,pgw,2018,none,none,2,1,0,NA,10,control
pgw05,d,pgw052018,pgw,2018,none,none,9,0,0,NA,2,control
pgw05,a,pgw052019,pgw,2019,2017,rx,0,0,0,NA,0,burn
pgw05,b,pgw052019,pgw,2019,2017,rx,10,0,0,NA,10,burn
pgw05,c,pgw052019,pgw,2019,2017,rx,1,1,1,NA,3,burn
pgw05,d,pgw052019,pgw,2019,2017,rx,0,0,0,NA,0,burn
pgw05,a,pgw052019,pgw,2019,none,none,1,0,0,NA,1,control
pgw05,b,pgw052019,pgw,2019,none,none,2,0,1,NA,3,control
pgw05,c,pgw052019,pgw,2019,none,none,1,6,0,NA,7,control
pgw05,d,pgw052019,pgw,2019,none,none,4,1,0,NA,5,control
pgw05,a,pgw052020,pgw,2020,2017,rx,0,0,0,0,0,burn
pgw05,b,pgw052020,pgw,2020,2017,rx,0,1,0,0,1,burn
pgw05,c,pgw052020,pgw,2020,2017,rx,0,0,0,0,0,burn
pgw05,d,pgw052020,pgw,2020,2017,rx,0,0,0,0,0,burn
pgw05,a,pgw052020,pgw,2020,2017,none,1,0,1,0,2,control
pgw05,b,pgw052020,pgw,2020,2017,none,0,0,0,36,36,control
pgw05,c,pgw052020,pgw,2020,2017,none,0,0,0,2,2,control
pgw05,d,pgw052020,pgw,2020,2017,none,0,0,0,20,20,control
pgw06,a,pgw062018,pgw,2018,2017,rx,4,0,0,NA,4,burn
pgw06,b,pgw062018,pgw,2018,2017,rx,3,0,0,NA,3,burn
pgw06,c,pgw062018,pgw,2018,2017,rx,9,0,0,NA,9,burn
pgw06,d,pgw062018,pgw,2018,2017,rx,8,0,0,NA,8,burn
pgw06,a,pgw062018,pgw,2018,none,none,1,1,0,NA,10,control
pgw06,b,pgw062018,pgw,2018,none,none,0,0,0,NA,1,control
pgw06,c,pgw062018,pgw,2018,none,none,0,1,0,NA,1,control
pgw06,d,pgw062018,pgw,2018,none,none,10,0,0,NA,0,control
pgw06,a,pgw062019,pgw,2019,2017,rx,4,0,0,NA,4,burn
pgw06,b,pgw062019,pgw,2019,2017,rx,0,0,0,NA,0,burn
pgw06,c,pgw062019,pgw,2019,2017,rx,3,0,1,NA,4,burn
pgw06,d,pgw062019,pgw,2019,2017,rx,15,0,1,NA,16,burn
pgw06,a,pgw062019,pgw,2019,none,none,0,0,0,NA,0,control
pgw06,b,pgw062019,pgw,2019,none,none,5,0,0,NA,5,control
pgw06,c,pgw062019,pgw,2019,none,none,0,0,0,NA,0,control
pgw06,d,pgw062019,pgw,2019,none,none,30,1,0,NA,31,control
pgw06,a,pgw062020,pgw,2020,2017,rx,0,0,0,0,0,burn
pgw06,b,pgw062020,pgw,2020,2017,rx,0,0,0,0,0,burn
pgw06,c,pgw062020,pgw,2020,2017,rx,0,1,1,2,4,burn
pgw06,d,pgw062020,pgw,2020,2017,rx,0,0,0,0,0,burn
pgw06,a,pgw062020,pgw,2020,2017,none,0,0,0,0,0,control
pgw06,b,pgw062020,pgw,2020,2017,none,0,0,0,1,1,control
pgw06,c,pgw062020,pgw,2020,2017,none,0,0,0,0,0,control
pgw06,d,pgw062020,pgw,2020,2017,none,9,0,0,0,9,control
pgw07,a,pgw072018,pgw,2018,2017,rx,5,3,0,NA,8,burn
pgw07,b,pgw072018,pgw,2018,2017,rx,5,0,0,NA,5,burn
pgw07,c,pgw072018,pgw,2018,2017,rx,7,0,0,NA,5,burn
pgw07,d,pgw072018,pgw,2018,2017,rx,15,0,1,NA,8,burn
pgw07,a,pgw072018,pgw,2018,none,none,0,2,0,NA,12,control
pgw07,b,pgw072018,pgw,2018,none,none,4,0,0,NA,0,control
pgw07,c,pgw072018,pgw,2018,none,none,0,1,1,NA,6,control
pgw07,d,pgw072018,pgw,2018,none,none,1,0,1,NA,1,control
pgw07,a,pgw072019,pgw,2019,2017,rx,4,1,1,NA,6,burn
pgw07,b,pgw072019,pgw,2019,2017,rx,1,1,0,NA,2,burn
pgw07,c,pgw072019,pgw,2019,2017,rx,2,1,2,NA,5,burn
pgw07,d,pgw072019,pgw,2019,2017,rx,2,1,0,NA,3,burn
pgw07,a,pgw072019,pgw,2019,none,none,0,0,0,NA,0,control
pgw07,b,pgw072019,pgw,2019,none,none,2,0,0,NA,2,control
pgw07,c,pgw072019,pgw,2019,none,none,2,1,0,NA,3,control
pgw07,d,pgw072019,pgw,2019,none,none,1,0,1,NA,2,control
pgw07,a,pgw072020,pgw,2020,2017,rx,0,0,0,0,0,burn
pgw07,b,pgw072020,pgw,2020,2017,rx,0,0,0,11,11,burn
pgw07,c,pgw072020,pgw,2020,2017,rx,0,1,0,0,1,burn
pgw07,d,pgw072020,pgw,2020,2017,rx,0,0,0,0,0,burn
pgw07,a,pgw072020,pgw,2020,2017,none,0,0,0,0,0,control
pgw07,b,pgw072020,pgw,2020,2017,none,0,0,0,0,0,control
pgw07,c,pgw072020,pgw,2020,2017,none,0,0,0,0,0,control
pgw07,d,pgw072020,pgw,2020,2017,none,0,0,0,0,0,control
pgw08,a,pgw082018,pgw,2018,2017,rx,18,1,0,NA,16,burn
pgw08,b,pgw082018,pgw,2018,2017,rx,17,0,1,NA,19,burn
pgw08,c,pgw082018,pgw,2018,2017,rx,9,1,0,NA,18,burn
pgw08,d,pgw082018,pgw,2018,2017,rx,50,0,0,NA,9,burn
pgw08,a,pgw082018,pgw,2018,none,none,0,0,0,NA,1,control
pgw08,b,pgw082018,pgw,2018,none,none,0,0,0,NA,0,control
pgw08,c,pgw082018,pgw,2018,none,none,0,0,0,NA,0,control
pgw08,d,pgw082018,pgw,2018,none,none,2,0,0,NA,0,control
pgw08,a,pgw082019,pgw,2019,2017,rx,5,25,0,NA,30,burn
pgw08,b,pgw082019,pgw,2019,2017,rx,20,25,0,NA,45,burn
pgw08,c,pgw082019,pgw,2019,2017,rx,20,1,10,NA,31,burn
pgw08,d,pgw082019,pgw,2019,2017,rx,35,55,5,NA,95,burn
pgw08,a,pgw082019,pgw,2019,none,none,0,0,0,NA,0,control
pgw08,b,pgw082019,pgw,2019,none,none,0,0,0,NA,0,control
pgw08,c,pgw082019,pgw,2019,none,none,0,0,1,NA,1,control
pgw08,d,pgw082019,pgw,2019,none,none,0,0,0,NA,0,control
pgw08,a,pgw082020,pgw,2020,2017,rx,0,0,0,0,0,burn
pgw08,b,pgw082020,pgw,2020,2017,rx,0,0,0,44,44,burn
pgw08,c,pgw082020,pgw,2020,2017,rx,0,0,0,0,0,burn
pgw08,d,pgw082020,pgw,2020,2017,rx,0,0,0,34,34,burn
pgw08,a,pgw082020,pgw,2020,2017,none,0,0,0,0,0,control
pgw08,b,pgw082020,pgw,2020,2017,none,0,0,0,0,0,control
pgw08,c,pgw082020,pgw,2020,2017,none,0,0,0,0,0,control
pgw08,d,pgw082020,pgw,2020,2017,none,0,0,0,0,0,control
pgw09,a,pgw092018,pgw,2018,2017,rx,25,2,1,NA,53,burn
pgw09,b,pgw092018,pgw,2018,2017,rx,60,0,0,NA,25,burn
pgw09,c,pgw092018,pgw,2018,2017,rx,30,1,0,NA,61,burn
pgw09,d,pgw092018,pgw,2018,2017,rx,10,0,0,NA,30,burn
pgw09,a,pgw092018,pgw,2018,none,none,0,0,0,NA,2,control
pgw09,b,pgw092018,pgw,2018,none,none,0,0,0,NA,0,control
pgw09,c,pgw092018,pgw,2018,none,none,0,0,0,NA,0,control
pgw09,d,pgw092018,pgw,2018,none,none,0,0,1,NA,1,control
pgw09,a,pgw092019,pgw,2019,2017,rx,1,0,0,NA,1,burn
pgw09,b,pgw092019,pgw,2019,2017,rx,3,1,1,NA,5,burn
pgw09,c,pgw092019,pgw,2019,2017,rx,1,0,0,NA,1,burn
pgw09,d,pgw092019,pgw,2019,2017,rx,1,0,0,NA,1,burn
pgw09,a,pgw092019,pgw,2019,none,none,0,0,0,NA,0,control
pgw09,b,pgw092019,pgw,2019,none,none,5,0,0,NA,5,control
pgw09,c,pgw092019,pgw,2019,none,none,2,0,2,NA,4,control
pgw09,d,pgw092019,pgw,2019,none,none,0,0,1,NA,1,control
pgw09,a,pgw092020,pgw,2020,2017,rx,0,0,0,0,0,burn
pgw09,b,pgw092020,pgw,2020,2017,rx,0,0,0,16,16,burn
pgw09,c,pgw092020,pgw,2020,2017,rx,0,0,0,0,0,burn
pgw09,d,pgw092020,pgw,2020,2017,rx,0,0,0,0,0,burn
pgw09,a,pgw092020,pgw,2020,2017,none,0,0,0,0,0,control
pgw09,b,pgw092020,pgw,2020,2017,none,0,0,0,0,0,control
pgw09,c,pgw092020,pgw,2020,2017,none,0,0,0,0,0,control
pgw09,d,pgw092020,pgw,2020,2017,none,0,0,0,2,2,control
pgw10,a,pgw102018,pgw,2018,2017,rx,75,0,0,NA,10,burn
pgw10,b,pgw102018,pgw,2018,2017,rx,65,0,0,NA,75,burn
pgw10,c,pgw102018,pgw,2018,2017,rx,60,1,1,NA,67,burn
pgw10,d,pgw102018,pgw,2018,2017,rx,30,1,0,NA,61,burn
pgw10,a,pgw102018,pgw,2018,none,none,2,0,0,NA,0,control
pgw10,b,pgw102018,pgw,2018,none,none,6,1,2,NA,5,control
pgw10,c,pgw102018,pgw,2018,none,none,1,1,0,NA,7,control
pgw10,d,pgw102018,pgw,2018,none,none,1,1,0,NA,2,control
pgw10,a,pgw102019,pgw,2019,2017,rx,50,1,4,NA,55,burn
pgw10,b,pgw102019,pgw,2019,2017,rx,40,5,0,NA,45,burn
pgw10,c,pgw102019,pgw,2019,2017,rx,30,10,0,NA,40,burn
pgw10,d,pgw102019,pgw,2019,2017,rx,60,10,1,NA,71,burn
pgw10,a,pgw102019,pgw,2019,none,none,0,0,0,NA,0,control
pgw10,b,pgw102019,pgw,2019,none,none,0,0,0,NA,0,control
pgw10,c,pgw102019,pgw,2019,none,none,0,0,0,NA,0,control
pgw10,d,pgw102019,pgw,2019,none,none,0,0,0,NA,0,control
pgw10,a,pgw102020,pgw,2020,2017,rx,10,0,0,10,20,burn
pgw10,b,pgw102020,pgw,2020,2017,rx,0,0,0,51,51,burn
pgw10,c,pgw102020,pgw,2020,2017,rx,0,0,0,1,1,burn
pgw10,d,pgw102020,pgw,2020,2017,rx,0,0,0,56,56,burn
pgw10,a,pgw102020,pgw,2020,2017,none,0,0,0,0,0,control
pgw10,b,pgw102020,pgw,2020,2017,none,0,0,0,4,4,control
pgw10,c,pgw102020,pgw,2020,2017,none,0,0,0,0,0,control
pgw10,d,pgw102020,pgw,2020,2017,none,0,0,0,0,0,control
rc01,a,rc012018,rc,2018,2012,wild,2,0,0,NA,2,burn
rc01,b,rc012018,rc,2018,2012,wild,8,1,2,NA,11,burn
rc01,c,rc012018,rc,2018,2012,wild,14,1,1,NA,16,burn
rc01,d,rc012018,rc,2018,2012,wild,30,0,0,NA,30,burn
rc01,a,rc012018,rc,2018,2012,none,0,0,0,NA,0,control
rc01,b,rc012018,rc,2018,2012,none,3,0,0,NA,3,control
rc01,c,rc012018,rc,2018,2012,none,0,0,0,NA,0,control
rc01,d,rc012018,rc,2018,2012,none,1,0,1,NA,2,control
rc01,a,rc012018,rc,2018,2017/2012,rx/wild,0,0,0,NA,0,burn
rc01,b,rc012018,rc,2018,2017/2012,rx/wild,1,0,0,NA,1,burn
rc01,c,rc012018,rc,2018,2017/2012,rx/wild,2,0,0,NA,2,burn
rc01,d,rc012018,rc,2018,2017/2012,rx/wild,1,0,1,NA,2,burn
rc01,a,rc012018,rc,2018,2017/2012,none,0,0,0,NA,0,control
rc01,b,rc012018,rc,2018,2017/2012,none,3,0,0,NA,3,control
rc01,c,rc012018,rc,2018,2017/2012,none,0,0,0,NA,0,control
rc01,d,rc012018,rc,2018,2017/2012,none,1,0,1,NA,2,control
rc01,a,rc012019,rc,2019,2017/2012,rx/wild,10,1,5,NA,16,burn
rc01,b,rc012019,rc,2019,2017/2012,rx/wild,25,1,20,NA,46,burn
rc01,c,rc012019,rc,2019,2017/2012,rx/wild,10,1,5,NA,16,burn
rc01,d,rc012019,rc,2019,2017/2012,rx/wild,40,0,4,NA,44,burn
rc01,a,rc012019,rc,2019,2017/2012,none,0,0,0,NA,0,control
rc01,b,rc012019,rc,2019,2017/2012,none,5,1,2,NA,8,control
rc01,c,rc012019,rc,2019,2017/2012,none,15,0,0,NA,15,control
rc01,d,rc012019,rc,2019,2017/2012,none,0,0,0,NA,0,control
rc01,a,rc012020,rc,2020,2017/2012,rx/wild,0,2,2,0,4,burn
rc01,b,rc012020,rc,2020,2017/2012,rx/wild,0,0,0,4,4,burn
rc01,c,rc012020,rc,2020,2017/2012,rx/wild,0,3,1,0,4,burn
rc01,d,rc012020,rc,2020,2017/2012,rx/wild,0,0,0,11,11,burn
rc01,a,rc012020,rc,2020,2017/2012,none,0,0,2,0,2,control
rc01,b,rc012020,rc,2020,2017/2012,none,0,0,0,0,0,control
rc01,c,rc012020,rc,2020,2017/2012,none,0,0,0,0,0,control
rc01,d,rc012020,rc,2020,2017/2012,none,0,0,0,0,0,control
rc02,a,rc022018,rc,2018,2012,wild,1,0,0,NA,1,burn
rc02,b,rc022018,rc,2018,2012,wild,1,0,0,NA,1,burn
rc02,c,rc022018,rc,2018,2012,wild,1,0,2,NA,3,burn
rc02,d,rc022018,rc,2018,2012,wild,5,1,1,NA,7,burn
rc02,a,rc022018,rc,2018,2012,none,1,0,0,NA,1,control
rc02,b,rc022018,rc,2018,2012,none,0,0,0,NA,0,control
rc02,c,rc022018,rc,2018,2012,none,0,0,0,NA,0,control
rc02,d,rc022018,rc,2018,2012,none,4,0,1,NA,5,control
rc02,a,rc022018,rc,2018,2017/2012,rx/wild,18,0,0,NA,18,burn
rc02,b,rc022018,rc,2018,2017/2012,rx/wild,7,3,0,NA,10,burn
rc02,c,rc022018,rc,2018,2017/2012,rx/wild,5,15,2,NA,22,burn
rc02,d,rc022018,rc,2018,2017/2012,rx/wild,20,4,0,NA,24,burn
rc02,a,rc022018,rc,2018,2017/2012,none,1,0,0,NA,1,control
rc02,b,rc022018,rc,2018,2017/2012,none,0,0,0,NA,0,control
rc02,c,rc022018,rc,2018,2017/2012,none,0,0,0,NA,0,control
rc02,d,rc022018,rc,2018,2017/2012,none,4,0,1,NA,5,control
rc02,a,rc022019,rc,2019,2017/2012,rx/wild,45,0,3,NA,48,burn
rc02,b,rc022019,rc,2019,2017/2012,rx/wild,10,1,20,NA,31,burn
rc02,a,rc022019,rc,2019,2017/2012,none,2,0,1,NA,3,control
rc02,b,rc022019,rc,2019,2017/2012,none,1,0,2,NA,3,control
rc02,c,rc022019,rc,2019,2017/2012,none,1,1,2,NA,4,control
rc02,d,rc022019,rc,2019,2017/2012,none,1,1,2,NA,4,control
rc02,a,rc022020,rc,2020,2017/2012,rx/wild,,,,,0,burn
rc02,b,rc022020,rc,2020,2017/2012,rx/wild,,,,,0,burn
rc02,c,rc022020,rc,2020,2017/2012,rx/wild,,,,,0,burn
rc02,d,rc022020,rc,2020,2017/2012,rx/wild,,,,,0,burn
rc02,a,rc022020,rc,2020,2017/2012,none,,,,,0,control
rc02,b,rc022020,rc,2020,2017/2012,none,,,,,0,control
rc02,c,rc022020,rc,2020,2017/2012,none,,,,,0,control
rc02,d,rc022020,rc,2020,2017/2012,none,,,,,0,control
rc03,a,rc032018,rc,2018,2012,wild,1,0,0,NA,1,burn
rc03,b,rc032018,rc,2018,2012,wild,1,3,0,NA,4,burn
rc03,c,rc032018,rc,2018,2012,wild,7,7,3,NA,17,burn
rc03,d,rc032018,rc,2018,2012,wild,1,0,1,NA,2,burn
rc03,a,rc032018,rc,2018,2012,none,0,0,0,NA,0,control
rc03,b,rc032018,rc,2018,2012,none,0,0,0,NA,0,control
rc03,c,rc032018,rc,2018,2012,none,2,0,0,NA,2,control
rc03,d,rc032018,rc,2018,2012,none,2,0,0,NA,2,control
rc03,a,rc032018,rc,2018,2017/2012,rx/wild,10,0,1,NA,11,burn
rc03,b,rc032018,rc,2018,2017/2012,rx/wild,5,0,0,NA,5,burn
rc03,c,rc032018,rc,2018,2017/2012,rx/wild,34,0,1,NA,35,burn
rc03,d,rc032018,rc,2018,2017/2012,rx/wild,15,0,0,NA,15,burn
rc03,a,rc032018,rc,2018,2017/2012,none,0,0,0,NA,0,control
rc03,b,rc032018,rc,2018,2017/2012,none,0,0,0,NA,0,control
rc03,c,rc032018,rc,2018,2017/2012,none,2,0,0,NA,2,control
rc03,d,rc032018,rc,2018,2017/2012,none,2,0,0,NA,2,control
rc03,c,rc032019,rc,2019,2017/2012,rx/wild,20,1,10,NA,31,burn
rc03,d,rc032019,rc,2019,2017/2012,rx/wild,60,2,1,NA,63,burn
rc03,a,rc032019,rc,2019,2017/2012,rx/wild,45,1,0,NA,46,burn
rc03,b,rc032019,rc,2019,2017/2012,rx/wild,0,0,1,NA,1,burn
rc03,a,rc032019,rc,2019,2017/2012,none,6,1,4,NA,11,control
rc03,b,rc032019,rc,2019,2017/2012,none,0,0,0,NA,0,control
rc03,c,rc032019,rc,2019,2017/2012,none,3,1,1,NA,5,control
rc03,d,rc032019,rc,2019,2017/2012,none,0,0,0,NA,0,control
rc03,a,rc032020,rc,2020,2017/2012,none,,,,,0,control
rc03,b,rc032020,rc,2020,2017/2012,none,,,,,0,control
rc03,c,rc032020,rc,2020,2017/2012,none,,,,,0,control
rc03,d,rc032020,rc,2020,2017/2012,none,,,,,0,control
rc04,a,rc042018,rc,2018,2012,wild,1,0,0,NA,1,burn
rc04,b,rc042018,rc,2018,2012,wild,8,3,6,NA,17,burn
rc04,c,rc042018,rc,2018,2012,wild,1,0,0,NA,1,burn
rc04,d,rc042018,rc,2018,2012,wild,1,1,1,NA,3,burn
rc04,a,rc042018,rc,2018,2012,none,5,0,1,NA,6,control
rc04,b,rc042018,rc,2018,2012,none,5,1,0,NA,6,control
rc04,c,rc042018,rc,2018,2012,none,6,0,1,NA,7,control
rc04,d,rc042018,rc,2018,2012,none,3,0,0,NA,3,control
rc04,a,rc042018,rc,2018,2017/2012,rx/wild,45,0,15,NA,60,burn
rc04,b,rc042018,rc,2018,2017/2012,rx/wild,12,0,1,NA,13,burn
rc04,c,rc042018,rc,2018,2017/2012,rx/wild,7,1,0,NA,8,burn
rc04,d,rc042018,rc,2018,2017/2012,rx/wild,7,1,1,NA,9,burn
rc04,a,rc042018,rc,2018,2017/2012,none,5,0,1,NA,6,control
rc04,b,rc042018,rc,2018,2017/2012,none,5,1,0,NA,6,control
rc04,c,rc042018,rc,2018,2017/2012,none,6,0,1,NA,7,control
rc04,d,rc042018,rc,2018,2017/2012,none,3,0,0,NA,3,control
rc04,c,rc042019,rc,2019,2017/2012,rx/wild,2,1,7,NA,10,burn
rc04,d,rc042019,rc,2019,2017/2012,rx/wild,50,1,5,NA,56,burn
rc04,a,rc042019,rc,2019,2017/2012,rx/wild,1,0,2,NA,3,burn
rc04,b,rc042019,rc,2019,2017/2012,rx/wild,8,2,0,NA,10,burn
rc04,a,rc042019,rc,2019,2017/2012,none,0,0,0,NA,0,control
rc04,b,rc042019,rc,2019,2017/2012,none,0,0,0,NA,0,control
rc04,c,rc042019,rc,2019,2017/2012,none,1,0,0,NA,1,control
rc04,d,rc042019,rc,2019,2017/2012,none,0,1,1,NA,2,control
rc04,a,rc042020,rc,2020,2017/2012,rx/wild,0,0,0,0,0,burn
rc04,b,rc042020,rc,2020,2017/2012,rx/wild,0,0,0,23,23,burn
rc04,c,rc042020,rc,2020,2017/2012,rx/wild,0,0,4,0,4,burn
rc04,d,rc042020,rc,2020,2017/2012,rx/wild,0,0,0,0,0,burn
rc04,a,rc042020,rc,2020,2017/2012,none,0,0,0,0,0,control
rc04,b,rc042020,rc,2020,2017/2012,none,0,0,0,1,1,control
rc04,c,rc042020,rc,2020,2017/2012,none,0,0,0,0,0,control
rc04,d,rc042020,rc,2020,2017/2012,none,0,0,0,0,0,control
rc05,a,rc052018,rc,2018,2012,wild,1,0,0,NA,1,burn
rc05,b,rc052018,rc,2018,2012,wild,1,0,0,NA,1,burn
rc05,c,rc052018,rc,2018,2012,wild,1,0,0,NA,1,burn
rc05,d,rc052018,rc,2018,2012,wild,7,5,0,NA,12,burn
rc05,a,rc052018,rc,2018,2012,none,1,0,0,NA,1,control
rc05,b,rc052018,rc,2018,2012,none,2.5,0,0,NA,2.5,control
rc05,c,rc052018,rc,2018,2012,none,2,1,1,NA,4,control
rc05,d,rc052018,rc,2018,2012,none,1,0,0,NA,1,control
rc05,a,rc052018,rc,2018,2017/2012,rx/wild,4,0,2,NA,6,burn
rc05,b,rc052018,rc,2018,2017/2012,rx/wild,2,0,5,NA,7,burn
rc05,c,rc052018,rc,2018,2017/2012,rx/wild,0,0,0,NA,0,burn
rc05,d,rc052018,rc,2018,2017/2012,rx/wild,2,0,0,NA,2,burn
rc05,a,rc052018,rc,2018,2017/2012,none,1,0,0,NA,1,control
rc05,b,rc052018,rc,2018,2017/2012,none,2.5,0,0,NA,2.5,control
rc05,c,rc052018,rc,2018,2017/2012,none,2,1,1,NA,4,control
rc05,d,rc052018,rc,2018,2017/2012,none,1,0,0,NA,1,control
rc05,c,rc052019,rc,2019,2017/2012,rx/wild,0,0,2,NA,2,burn
rc05,d,rc052019,rc,2019,2017/2012,rx/wild,0,0,4,NA,4,burn
rc05,a,rc052019,rc,2019,2017/2012,rx/wild,0,0,1,NA,1,burn
rc05,b,rc052019,rc,2019,2017/2012,rx/wild,1,1,5,NA,7,burn
rc05,a,rc052019,rc,2019,2017/2012,none,1,0,0,NA,1,control
rc05,b,rc052019,rc,2019,2017/2012,none,0,0,0,NA,0,control
rc05,c,rc052019,rc,2019,2017/2012,none,1,0,1,NA,2,control
rc05,d,rc052019,rc,2019,2017/2012,none,1,0,1,NA,2,control
rc05,a,rc052020,rc,2020,2017/2012,rx/wild,0,0,0,0,0,burn
rc05,b,rc052020,rc,2020,2017/2012,rx/wild,0,0,0,21,21,burn
rc05,c,rc052020,rc,2020,2017/2012,rx/wild,0,0,0,0,0,burn
rc05,d,rc052020,rc,2020,2017/2012,rx/wild,0,0,5,0,5,burn
rc05,a,rc052020,rc,2020,2017/2012,none,0,0,0,0,0,control
rc05,b,rc052020,rc,2020,2017/2012,none,0,0,0,1,1,control
rc05,c,rc052020,rc,2020,2017/2012,none,0,0,0,0,0,control
rc05,d,rc052020,rc,2020,2017/2012,none,0,0,0,0,0,control
rc06,a,rc062018,rc,2018,2012,wild,0,0,0,NA,0,burn
rc06,b,rc062018,rc,2018,2012,wild,1,1,2,NA,4,burn
rc06,c,rc062018,rc,2018,2012,wild,0,0,0,NA,0,burn
rc06,d,rc062018,rc,2018,2012,wild,4,0,2,NA,6,burn
rc06,a,rc062018,rc,2018,2012,none,1,0,0,NA,1,control
rc06,b,rc062018,rc,2018,2012,none,2,0,1,NA,3,control
rc06,c,rc062018,rc,2018,2012,none,4,0,0,NA,4,control
rc06,d,rc062018,rc,2018,2012,none,3,1,0,NA,4,control
rc06,a,rc062018,rc,2018,2017/2012,rx/wild,6,0,1,NA,7,burn
rc06,b,rc062018,rc,2018,2017/2012,rx/wild,10,0,1,NA,11,burn
rc06,c,rc062018,rc,2018,2017/2012,rx/wild,8,0,0,NA,8,burn
rc06,d,rc062018,rc,2018,2017/2012,rx/wild,21,1,1,NA,23,burn
rc06,a,rc062018,rc,2018,2017/2012,none,1,0,0,NA,1,control
rc06,b,rc062018,rc,2018,2017/2012,none,2,0,1,NA,3,control
rc06,c,rc062018,rc,2018,2017/2012,none,4,0,0,NA,4,control
rc06,d,rc062018,rc,2018,2017/2012,none,3,1,0,NA,4,control
rc06,c,rc062019,rc,2019,2017/2012,rx/wild,0,1,16,NA,17,burn
rc06,d,rc062019,rc,2019,2017/2012,rx/wild,30,1,1,NA,32,burn
rc06,a,rc062019,rc,2019,2017/2012,rx/wild,0,0,0,NA,0,burn
rc06,b,rc062019,rc,2019,2017/2012,rx/wild,1,1,0,NA,2,burn
rc06,a,rc062019,rc,2019,2017/2012,none,1,5,0,NA,6,control
rc06,b,rc062019,rc,2019,2017/2012,none,0,0,0,NA,0,control
rc06,c,rc062019,rc,2019,2017/2012,none,1,0,1,NA,2,control
rc06,d,rc062019,rc,2019,2017/2012,none,1,1,1,NA,3,control
rc06,a,rc062020,rc,2020,2017/2012,none,0,2,0,0,2,control
rc06,b,rc062020,rc,2020,2017/2012,none,0,9,0,0,9,control
rc06,c,rc062020,rc,2020,2017/2012,none,0,0,0,0,0,control
rc06,d,rc062020,rc,2020,2017/2012,none,0,16,0,0,16,control
rc06,a,rc062020,rc,2020,2017/2012,none,0,0,0,6,6,control
rc06,b,rc062020,rc,2020,2017/2012,none,0,0,0,0,0,control
rc06,c,rc062020,rc,2020,2017/2012,none,0,0,0,5,5,control
rc06,d,rc062020,rc,2020,2017/2012,none,2,0,0,0,2,control
rc06,a,rc062020,rc,2020,2017/2012,rx/wild,0,2,2,0,4,burn
rc06,b,rc062020,rc,2020,2017/2012,rx/wild,0,0,0,45,45,burn
rc06,c,rc062020,rc,2020,2017/2012,rx/wild,0,0,0,0,0,burn
rc06,d,rc062020,rc,2020,2017/2012,rx/wild,0,0,0,55,55,burn
rc06,a,rc062020,rc,2020,2017/2012,none,0,0,0,0,0,control
rc06,b,rc062020,rc,2020,2017/2012,none,0,0,0,15,15,control
rc06,c,rc062020,rc,2020,2017/2012,none,0,0,0,0,0,control
rc06,d,rc062020,rc,2020,2017/2012,none,0,0,0,0,0,control
rc07,a,rc072018,rc,2018,2012,wild,0,0,1,NA,1,burn
rc07,b,rc072018,rc,2018,2012,wild,1,0,0,NA,1,burn
rc07,c,rc072018,rc,2018,2012,wild,0,0,0,NA,0,burn
rc07,d,rc072018,rc,2018,2012,wild,0,0,0,NA,0,burn
rc07,a,rc072018,rc,2018,2012,none,2,0,0,NA,2,control
rc07,b,rc072018,rc,2018,2012,none,1,0,0,NA,1,control
rc07,c,rc072018,rc,2018,2012,none,,,,NA,0,control
rc07,d,rc072018,rc,2018,2012,none,,,,NA,0,control
rc07,a,rc072018,rc,2018,2017/2012,rx/wild,24,0,2,NA,26,burn
rc07,b,rc072018,rc,2018,2017/2012,rx/wild,9,0,1,NA,10,burn
rc07,c,rc072018,rc,2018,2017/2012,rx/wild,13,0,1,NA,14,burn
rc07,d,rc072018,rc,2018,2017/2012,rx/wild,10,0,1,NA,11,burn
rc07,a,rc072018,rc,2018,2017/2012,none,2,0,0,NA,2,control
rc07,b,rc072018,rc,2018,2017/2012,none,1,0,0,NA,1,control
rc07,c,rc072018,rc,2018,2017/2012,none,,,,NA,0,control
rc07,d,rc072018,rc,2018,2017/2012,none,,,,NA,0,control
rc07,c,rc072019,rc,2019,2017/2012,rx/wild,30,10,2,NA,42,burn
rc07,d,rc072019,rc,2019,2017/2012,rx/wild,0,0,1,NA,1,burn
rc07,a,rc072019,rc,2019,2017/2012,rx/wild,4,0,15,NA,19,burn
rc07,b,rc072019,rc,2019,2017/2012,rx/wild,4,0,1,NA,5,burn
rc07,a,rc072019,rc,2019,2017/2012,none,0,0,1,NA,1,control
rc07,b,rc072019,rc,2019,2017/2012,none,0,0,1,NA,1,control
rc07,c,rc072019,rc,2019,2017/2012,none,2,1,0,NA,3,control
rc07,d,rc072019,rc,2019,2017/2012,none,0,0,0,NA,0,control
rc07,a,rc072020,rc,2020,2017/2012,none,0,0,0,0,0,control
rc07,b,rc072020,rc,2020,2017/2012,none,0,0,0,0,0,control
rc07,c,rc072020,rc,2020,2017/2012,none,0,0,0,0,0,control
rc07,d,rc072020,rc,2020,2017/2012,none,0,33,0,0,33,control
rc07,a,rc072020,rc,2020,2017/2012,none,0,2,2,2,6,control
rc07,b,rc072020,rc,2020,2017/2012,none,1,0,1,0,2,control
rc07,c,rc072020,rc,2020,2017/2012,none,0,0,0,0,0,control
rc07,d,rc072020,rc,2020,2017/2012,none,0,0,2,6,8,control
rc07,a,rc072020,rc,2020,2017/2012,rx/wild,0,0,0,0,0,burn
rc07,b,rc072020,rc,2020,2017/2012,rx/wild,0,0,0,4,4,burn
rc07,c,rc072020,rc,2020,2017/2012,rx/wild,0,1,1,12,14,burn
rc07,d,rc072020,rc,2020,2017/2012,rx/wild,0,0,0,5,5,burn
rc07,a,rc072020,rc,2020,2017/2012,none,0,0,0,0,0,control
rc07,b,rc072020,rc,2020,2017/2012,none,0,0,0,0,0,control
rc07,c,rc072020,rc,2020,2017/2012,none,0,0,0,0,0,control
rc07,d,rc072020,rc,2020,2017/2012,none,0,0,0,0,0,control
rc08,a,rc082018,rc,2018,2012,wild,0,0,3,NA,3,burn
rc08,b,rc082018,rc,2018,2012,wild,1,1,2,NA,4,burn
rc08,c,rc082018,rc,2018,2012,wild,1,0,0,NA,1,burn
rc08,d,rc082018,rc,2018,2012,wild,1,0,3,NA,4,burn
rc08,a,rc082018,rc,2018,2012,none,,,,NA,0,control
rc08,b,rc082018,rc,2018,2012,none,,,,NA,0,control
rc08,c,rc082018,rc,2018,2012,none,,,,NA,0,control
rc08,d,rc082018,rc,2018,2012,none,,,,NA,0,control
rc08,a,rc082018,rc,2018,2017/2012,rx/wild,20,0,5,NA,25,burn
rc08,b,rc082018,rc,2018,2017/2012,rx/wild,19,0,6,NA,25,burn
rc08,c,rc082018,rc,2018,2017/2012,rx/wild,19,0,0,NA,19,burn
rc08,d,rc082018,rc,2018,2017/2012,rx/wild,36,0,18,NA,54,burn
rc08,a,rc082018,rc,2018,2017/2012,none,,,,NA,0,control
rc08,b,rc082018,rc,2018,2017/2012,none,,,,NA,0,control
rc08,c,rc082018,rc,2018,2017/2012,none,,,,NA,0,control
rc08,d,rc082018,rc,2018,2017/2012,none,,,,NA,0,control
rc08,c,rc082019,rc,2019,2017/2012,rx/wild,5,5,1,NA,11,burn
rc08,d,rc082019,rc,2019,2017/2012,rx/wild,1,0,10,NA,11,burn
rc08,a,rc082019,rc,2019,2017/2012,rx/wild,0,15,5,NA,20,burn
rc08,b,rc082019,rc,2019,2017/2012,rx/wild,1,1,5,NA,7,burn
rc08,a,rc082019,rc,2019,2017/2012,none,0,0,0,NA,0,control
rc08,b,rc082019,rc,2019,2017/2012,none,2,5,0,NA,7,control
rc08,c,rc082019,rc,2019,2017/2012,none,2,0,1,NA,3,control
rc08,d,rc082019,rc,2019,2017/2012,none,16,1,0,NA,17,control
rc08,a,rc082020,rc,2020,2017/2012,none,0,0,2,30,32,control
rc08,b,rc082020,rc,2020,2017/2012,none,0,0,0,8,8,control
rc08,c,rc082020,rc,2020,2017/2012,none,0,0,0,0,0,control
rc08,d,rc082020,rc,2020,2017/2012,none,0,0,0,88,88,control
rc08,a,rc082020,rc,2020,2017/2012,none,0,0,0,0,0,control
rc08,b,rc082020,rc,2020,2017/2012,none,0,1,1,0,2,control
rc08,c,rc082020,rc,2020,2017/2012,none,0,4,0,0,4,control
rc08,d,rc082020,rc,2020,2017/2012,none,9,2,2,0,13,control
rc08,a,rc082020,rc,2020,2017/2012,rx/wild,0,0,2,5,7,burn
rc08,b,rc082020,rc,2020,2017/2012,rx/wild,0,0,0,11,11,burn
rc08,c,rc082020,rc,2020,2017/2012,rx/wild,0,0,1,2,3,burn
rc08,d,rc082020,rc,2020,2017/2012,rx/wild,0,0,0,43,43,burn
rc08,a,rc082020,rc,2020,2017/2012,none,0,0,0,0,0,control
rc08,b,rc082020,rc,2020,2017/2012,none,0,0,0,1,1,control
rc08,c,rc082020,rc,2020,2017/2012,none,0,0,0,0,0,control
rc08,d,rc082020,rc,2020,2017/2012,none,0,0,0,0,0,control
rc09,a,rc092018,rc,2018,2012,wild,1,0,2,NA,3,burn
rc09,b,rc092018,rc,2018,2012,wild,5,1,1,NA,7,burn
rc09,c,rc092018,rc,2018,2012,wild,1,0,0,NA,1,burn
rc09,d,rc092018,rc,2018,2012,wild,1,0,1,NA,2,burn
rc09,a,rc092018,rc,2018,2012,none,,,,NA,0,control
rc09,b,rc092018,rc,2018,2012,none,,,,NA,0,control
rc09,c,rc092018,rc,2018,2012,none,,,,NA,0,control
rc09,d,rc092018,rc,2018,2012,none,,,,NA,0,control
rc09,a,rc092018,rc,2018,2017/2012,rx/wild,15,0,1,NA,16,burn
rc09,b,rc092018,rc,2018,2017/2012,rx/wild,21,0,3,NA,24,burn
rc09,c,rc092018,rc,2018,2017/2012,rx/wild,27,0,1,NA,28,burn
rc09,d,rc092018,rc,2018,2017/2012,rx/wild,19,0,2,NA,21,burn
rc09,a,rc092018,rc,2018,2017/2012,none,,,,NA,0,control
rc09,b,rc092018,rc,2018,2017/2012,none,,,,NA,0,control
rc09,c,rc092018,rc,2018,2017/2012,none,,,,NA,0,control
rc09,d,rc092018,rc,2018,2017/2012,none,,,,NA,0,control
rc09,c,rc092019,rc,2019,2017/2012,rx/wild,3,5,50,NA,58,burn
rc09,d,rc092019,rc,2019,2017/2012,rx/wild,2,5,0,NA,7,burn
rc09,a,rc092019,rc,2019,2017/2012,rx/wild,0,0,0,NA,0,burn
rc09,b,rc092019,rc,2019,2017/2012,rx/wild,1,0,2,NA,3,burn
rc09,a,rc092019,rc,2019,2017/2012,none,0,0,0,NA,0,control
rc09,b,rc092019,rc,2019,2017/2012,none,0,0,1,NA,1,control
rc09,c,rc092019,rc,2019,2017/2012,none,1,0,0,NA,1,control
rc09,d,rc092019,rc,2019,2017/2012,none,0,0,0,NA,0,control
rc09,a,rc092020,rc,2020,2017/2012,none,0,0,2,0,2,control
rc09,b,rc092020,rc,2020,2017/2012,none,0,0,0,68,68,control
rc09,c,rc092020,rc,2020,2017/2012,none,0,0,10,5,15,control
rc09,d,rc092020,rc,2020,2017/2012,none,0,0,0,32,32,control
rc09,a,rc092020,rc,2020,2017/2012,none,0,6,25,10,41,control
rc09,b,rc092020,rc,2020,2017/2012,none,0,2,2,0,4,control
rc09,c,rc092020,rc,2020,2017/2012,none,0,0,24,10,34,control
rc09,d,rc092020,rc,2020,2017/2012,none,0,0,0,75,75,control
rc09,a,rc092020,rc,2020,2017/2012,rx/wild,0,0,0,1,1,burn
rc09,b,rc092020,rc,2020,2017/2012,rx/wild,0,0,0,14,14,burn
rc09,c,rc092020,rc,2020,2017/2012,rx/wild,0,1,1,1,3,burn
rc09,d,rc092020,rc,2020,2017/2012,rx/wild,0,0,0,0,0,burn
rc09,a,rc092020,rc,2020,2017/2012,none,0,0,0,0,0,control
rc09,b,rc092020,rc,2020,2017/2012,none,0,0,0,1,1,control
rc09,c,rc092020,rc,2020,2017/2012,none,0,0,0,0,0,control
rc09,d,rc092020,rc,2020,2017/2012,none,0,0,0,0,0,control
rc10,a,rc102018,rc,2018,2012,wild,2,1,1,NA,4,burn
rc10,b,rc102018,rc,2018,2012,wild,5,2,0,NA,7,burn
rc10,c,rc102018,rc,2018,2012,wild,7,1,0,NA,8,burn
rc10,d,rc102018,rc,2018,2012,wild,10,3,0,NA,13,burn
rc10,a,rc102018,rc,2018,2012,none,,,,NA,0,control
rc10,b,rc102018,rc,2018,2012,none,,,,NA,0,control
rc10,c,rc102018,rc,2018,2012,none,,,,NA,0,control
rc10,d,rc102018,rc,2018,2012,none,,,,NA,0,control
rc10,a,rc102018,rc,2018,2017/2012,rx/wild,10,0,1,NA,11,burn
rc10,b,rc102018,rc,2018,2017/2012,rx/wild,29,0,1,NA,30,burn
rc10,c,rc102018,rc,2018,2017/2012,rx/wild,20,0,1,NA,21,burn
rc10,d,rc102018,rc,2018,2017/2012,rx/wild,11,0,0,NA,11,burn
rc10,a,rc102018,rc,2018,2017/2012,none,,,,NA,0,control
rc10,b,rc102018,rc,2018,2017/2012,none,,,,NA,0,control
rc10,c,rc102018,rc,2018,2017/2012,none,,,,NA,0,control
rc10,d,rc102018,rc,2018,2017/2012,none,,,,NA,0,control
rc10,c,rc102019,rc,2019,2017/2012,rx/wild,1,0,0,NA,1,burn
rc10,d,rc102019,rc,2019,2017/2012,rx/wild,10,0,0,NA,10,burn
rc10,a,rc102019,rc,2019,2017/2012,none,1,0,0,NA,1,control
rc10,b,rc102019,rc,2019,2017/2012,none,1,1,0,NA,2,control
rc10,c,rc102019,rc,2019,2017/2012,none,0,0,1,NA,1,control
rc10,d,rc102019,rc,2019,2017/2012,none,25,0,0,NA,25,control
rc10,a,rc102020,rc,2020,2017/2012,none,30,4,10,0,44,control
rc10,b,rc102020,rc,2020,2017/2012,none,18,4,2,0,24,control
rc10,c,rc102020,rc,2020,2017/2012,none,50,0,5,0,55,control
rc10,d,rc102020,rc,2020,2017/2012,none,25,0,5,0,30,control
rc10,a,rc102020,rc,2020,2017/2012,none,10,1,2,0,13,control
rc10,b,rc102020,rc,2020,2017/2012,none,0,5,29,0,34,control
rc10,c,rc102020,rc,2020,2017/2012,none,0,8,0,88,96,control
rc10,d,rc102020,rc,2020,2017/2012,none,6,1,1,0,8,control
rc10,a,rc102020,rc,2020,2017/2012,rx/wild,0,0,0,0,0,burn
rc10,b,rc102020,rc,2020,2017/2012,rx/wild,0,0,0,19,19,burn
rc10,c,rc102020,rc,2020,2017/2012,rx/wild,0,0,0,1,1,burn
rc10,d,rc102020,rc,2020,2017/2012,rx/wild,0,0,0,17,17,burn
rc10,a,rc102020,rc,2020,2017/2012,none,0,0,0,0,0,control
rc10,b,rc102020,rc,2020,2017/2012,none,0,0,0,0,0,control
rc10,c,rc102020,rc,2020,2017/2012,none,0,0,0,0,0,control
rc10,d,rc102020,rc,2020,2017/2012,none,0,0,0,14,14,control
rc3,a,rc32020,rc,2020,2017/2012,rx/wild,0,0,1,0,1,burn
rc3,b,rc32020,rc,2020,2017/2012,rx/wild,0,0,0,1,1,burn
rc3,c,rc32020,rc,2020,2017/2012,rx/wild,0,10,10,0,20,burn
rc3,d,rc32020,rc,2020,2017/2012,rx/wild,0,0,0,19,19,burn
